[{"@type":"mappingTemplate","id":"@1","name":"m_demo_sample_mapping","description":"for github","bundleVersion":"0","templateId":"@3","deployTime":1670446343000,"hasParameters":false,"valid":true,"fixedConnection":true,"hasParametersDeployed":false,"fixedConnectionDeployed":true,"tasks":1,"mappingPreviewFileRecordId":"@2","documentType":"MAPPING","references":[{"@type":"reference","refObjectId":"@lS0UHZXOoIXf8PPdlNYpwt","refType":"connection"},{"@type":"reference","refObjectId":"@afHvOSEMdsTk4HiF2dLRG4","refType":"connection"}]}]